feedback_id,source,user_query,remembered_clues,forgotten_clues,failure_reason,sentiment_score
FB-1001,Reddit,the medicine photo I took when sick last year,"Emotion: feeling sick with fever, Visual: small yellow cardboard box, Time: last year around winter","Exact brand name (Paracetamol), date taken (Jan 2025), nightstand location",Time Framing Error,-0.72
FB-1002,PlayStore,small cafe in Goa with blue chairs,"Location: Goa beachside, Visual: rustic blue wooden chairs, ocean view, afternoon sunshine","Cafe name (Blue Wave Roasters), exact village/beach name (Anjuna)",Incomplete Vocabulary,-0.65
FB-1003,PlayStore,handwritten recipe card for pasta bake,"Object: index card, cursive writing, ingredient: garlic & cream, Context: cooking at grandma's","Year taken, album name, exact recipe title",OCR Misread,-0.8
FB-1004,Customer Support,boarding pass flight to Paris terminal 3,"Destination: Paris, Document: boarding pass, Terminal 3, airline logo","Flight number (AF023), seat number, travel date",OCR Misread,-0.55
FB-1005,Reddit,my dog running in heavy snow with red collar,"Subject: golden retriever dog, Setting: heavy snow blizzard, Color: bright red collar",Exact month or trip name (Whistler 2024),Visual Attribute Drift,-0.45
FB-1006,PlayStore,receipt from romantic dinner anniversary last month,"Context: Italian restaurant anniversary, Object: printed bill paper, Payment: credit card slip","Restaurant name (Trattoria Mario), exact bill amount ($142.50)",Metadata Missing,-0.78
FB-1007,Customer Support,car parking spot level 3 blue pillar airport,"Setting: underground parking garage, Visual: pillar painted blue with number 3B, car parked nearby","Airport terminal parking structure code, precise timestamp",Synonym Mismatch,-0.85
FB-1008,Reddit,sunset over Marine Drive promenade with rainy clouds,"Location: Marine Drive Mumbai, Visual: stormy dark clouds, orange horizon reflection on wet road","Exact date in monsoon season, camera metadata",Incomplete Vocabulary,-0.38
FB-1009,PlayStore,wifi router password sticker on the back,"Object: black router, small white printed label, tiny numbers/alphanumeric code","Date moved into apartment, model number of Netgear router",OCR Misread,-0.9
FB-1010,Customer Support,kids birthday cake with dinosaur toy on top,"Event: 5th birthday party, Visual: green frosted cake, plastic T-rex topper, burning candles",Child's exact birth year vs party photo date,Visual Attribute Drift,-0.5
FB-1011,Reddit,vintage turquoise beetle car parked under tree,"Object: classic Volkswagen car, Color: pastel turquoise / light cyan, Setting: shade under oak tree","Location city, year taken",Synonym Mismatch,-0.42
FB-1012,PlayStore,veterinarian vaccination certificate dog rabies stamp,"Subject: pet medical paperwork, Visual: red circular stamp, word 'Rabies' or 'Petco'","Clinic exact corporate name, vet signature date",OCR Misread,-0.68
FB-1013,Customer Support,hiking trail summit wooden signpost with elevation,"Visual: weathered wooden trail marker, mountain ridge background, sunny blue sky","Peak name (Mount Rainier / Skyline Trail), elevation number (6,800 ft)",Metadata Missing,-0.6
FB-1014,Reddit,laptop serial number barcode on underside sticker,"Object: silver aluminum laptop bottom, barcode, black barcode lines, small serial string","Purchase year, hardware model code",OCR Misread,-0.88
FB-1015,PlayStore,art exhibition neon glowing wings wall photo,Visual: person standing in front of purple and pink LED neon angel wings mural,"Art museum name, city venue, date",Incomplete Vocabulary,-0.35
FB-1016,Customer Support,wine bottle label from French winery trip,"Object: green glass bottle, cursive French vintage label, golden seal, vineyard table","Chateau name (Chateau Margaux), vintage year (2018)",OCR Misread,-0.62
FB-1017,Reddit,friend wearing oversized yellow puffy jacket at concert,"Visual: bright canary yellow puffer jacket, crowd, stage lights, night festival","Band playing, festival venue name, festival year",Time Framing Error,-0.58
FB-1018,PlayStore,guitar chord chart drawn on a napkin in coffee shop,"Visual: pen drawing of 6 guitar strings on white paper coffee napkin, coffee mug ring stain","Cafe location, song title, exact date",OCR Misread,-0.76
FB-1019,Customer Support,passport renewal tracking number receipt from post office,"Object: long thermal paper USPS receipt, tracking number, blue ballpoint pen circle","Month mailed, tracking number digits",OCR Misread,-0.92
FB-1020,Reddit,camping tent glowing at night under starry sky,"Visual: orange illuminated dome tent, campfire embers, Milky Way starry night sky","National park name, campsite pitch number, trip month",Metadata Missing,-0.3
FB-1021,PlayStore,graduation ceremony holding diploma with red ribbon,"Event: university graduation, Visual: black cap and gown, rolled diploma scroll with red silk ribbon",Exact commencement year (2022 vs 2023),Time Framing Error,-0.48
FB-1022,Reddit,measuring tape showing kitchen cabinet dimensions,"Object: yellow retractable metal measuring tape held against wooden kitchen drawer, number 28 inches","Apartment renovation date, photo album tag",OCR Misread,-0.7
FB-1023,Customer Support,hotel room view of Eiffel tower through open French window,"Location: Paris, Visual: white wrought iron balcony, romantic morning breakfast croissant, Eiffel tower in background","Hotel boutique name, room number, vacation dates",Incomplete Vocabulary,-0.4
FB-1024,PlayStore,blood test lab report showing low vitamin D,"Document: medical diagnostic sheet, tabular test results, column flagged with red highlight for Vitamin D","Diagnostic clinic lab name (Quest / LabCorp), doctor name",OCR Misread,-0.84
FB-1025,Reddit,baby nephew sleeping with stuffed gray elephant plushie,"Subject: infant sleeping in crib, Visual: small soft gray elephant doll, striped knitted blanket",Baby's age in months at time photo was snapped,Visual Attribute Drift,-0.35
FB-1026,Customer Support,rental car scratch damage on rear bumper before returning,"Visual: silver sedan bumper close up, scratch mark near wheel well, parking lot tarmac","Hertz rental agreement number, rental lot location",Metadata Missing,-0.81
FB-1027,PlayStore,coffee latte art shaped like a swan,"Object: white ceramic coffee cup on wooden coaster, intricate swan foam latte art, small spoon","Cafe name in Seattle, day of the week",Incomplete Vocabulary,-0.25
FB-1028,Reddit,wedding champagne toast glasses clinking during speeches,"Visual: two crystal flute glasses overflowing with bubbly champagne, bride veil blur in background","Whose wedding (cousin vs college friend), banquet hall name",Time Framing Error,-0.52
FB-1029,Customer Support,tire pressure specification sticker on car door jamb,"Object: black/white tire PSI placard inside driver door sill, numbers 32 PSI front 35 PSI rear","Car VIN, vehicle model year",OCR Misread,-0.75
FB-1030,PlayStore,street food taco truck with pink neon sign in Mexico,"Location: Mexico City, Visual: retro silver food truck, vibrant pink neon lighting, pastor tacos with pineapple","Street intersection, taco stand name",Synonym Mismatch,-0.44
